,dt,author,title,link,board,content,positive,negative,score,content_score
244,2016/6/1,s10330076,[標的] 朋程(8255),https://www.ptt.cc/bbs/Stock/M.1464756955.A.56D.html,Stock,"1. 標的：朋程(8255)

2. 分類：多

3. 分析/正文：
技術面:
從技術線來看目前反轉遇壓，壓力只要過了預期會在漲一段挑戰上次的新高，如附圖，剛
好是上個盤整區塊的底部，因為是挑戰壓力，故停損點設定的蠻近的，只求小賠大賺。
http://i.imgur.com/rpNqIOo.jpg

消息面:
朋程(8255)佈局穩壓調節IC多年，終於開花結果，朋程總經理吳憲忠表示，穩壓調節IC已
在5月正式接到訂單，預計6月開始出貨給中國及蘇聯廠商，另外一家客戶也將在7月進行
最後認證，目前穩壓調節IC是出貨自用車，未來將出貨給大卡車，穩壓調節IC可望成為推
升今年下半年業績的新動能。


4. 進退場機制：
於剛剛126.5元進場建立基本持股。
停損設定121.5元。",63,0,1,
264,2016/6/2,DuGu,Re: [標的] 大台  多多多多多,https://www.ptt.cc/bbs/Stock/M.1464828047.A.8F5.html,Stock,昨天有上車的人  要跟妳們說聲抱歉原本預估昨天會有百點大行情可惜中尾盤量縮只小賺個五六拾點我自己十來萬對貪心的我們多軍來說真的很難滿足昨天推文下面有人回應MSCI因素其實我真的覺得你們太多心我昨日有在盤中閒聊推文說過再說一次MSCI調降 J3之前幾週在台股已經反應過了已經大跌過你失戀了  總不可能難過一輩子吧既然都反應過 難過過就是會有下一春不然其實MSCI也不是第一次了難道調降那麼多次 那台股豈不是要倒了這,82,2,0,
311,2016/6/3,DuGu,Re: [標的] 大台  多多多多多,https://www.ptt.cc/bbs/Stock/M.1464915187.A.C29.html,Stock,雖然連續兩天都說對了多跟空漲都有賺到 跌的時候都沒虧到不過內容還是有小落差可見我不是股神請各位鄉民別亂吹捧我只是個凡人所以要跟的請三思而後行今天我看多唷美股今天早上黑翻紅雖然新聞上面都說FED升息可能無望不過本人一向不相信新聞妓者的話我想今天美股能由黑翻紅應該是市場相信稍晚公布的5月就業報告有信心另外我很關心的原油價格也從連跌兩天後走高原油期貨價格又站上50所以我真心認為今天會漲還會大漲我今天衝了反正我今年就是賭在這波我不是股神只是連續四年每年都正回報投資一定有風險要跟請三思--我是說 市場是對非農有信心啦你知道我以前是做什麼的嗎?我以前是職業賭徒.........專門靠體育賽事賭盤賺錢的靠國外盤口跟台灣盤口的水位高低跟讓球找出價差從中套利因為其實台灣盤口基本上沒有自己開盤能力都是跟國外盤 會有個幾秒的時間差從中下單 套利所以我對於賭盤的一些術語很專精常常聽一些賭客總是會說 走地變盤莊家陰謀什麼的?其實我自己都覺得很好笑莊家只是靠水位高低 跟讓球 讓a隊跟b隊的下注金額趨於接近從水位賺取獲利  根本其實不大會在乎哪隊伍輸贏相對股票市場也是什麼黑手什麼怪手什麼的你真的覺得你都稱呼它叫做黑手了代表它的資金夠撼動市場的價格你覺得他會在意ptt這堆小蝦咪的想法嗎不   他根本不在意所以不需要擔心什麼怪手黑手的我覺得這根本是庸人自擾之就像一位50哥鄉民說的台股市場 我只相信 國安基金 跟 內線交易黑手在我眼底  是個屁 根本不須煩惱這個那個不是賭球啦.......那個是不管a隊贏或者b隊贏 都會贏錢唷簡單說是套利主要是跟水位差 跟 讓球差只是現在莊家也在進步系統設置變盤也越來越快等於你的時間差 會越來越小也越來越會阻擋單子 跟大單變成你的手指要按的越來越快另外他們也會觀察一些奇怪的單據設置黑名單所以其實在這塊越來越不容易賺錢啦,67,4,1,
342,2016/6/4,DuGu,Re: [標的] 大台  多多多多多,https://www.ptt.cc/bbs/Stock/M.1465001308.A.300.html,Stock,#NAME?,52,2,1,
443,2016/6/7,DuGu,Re: [標的] 大台  多多多多多,https://www.ptt.cc/bbs/Stock/M.1465258497.A.F2F.html,Stock,今天美股開高大漲盤中FED主席也給我們帶來個好消息經濟逐漸復甦 升息應該今年應該有望加上我最注意的石油價格連漲趨於穩定今天沒理由看空昨日盤中外資大舉入侵明眼人都看得出來有利可圖今天再度台指看多多多多多老天爺送錢  就 趕快來領另外3504 我上篇說我只會買20張昨天終於收完 另外不小心又多買了10張這檔可能會放著一兩個月要跟上  可考慮清楚反正這檔 講白了 就是賭大的要就兩倍 要賠10%總之今天別錯過台指老天有眼 遇水則發昨日的大雨 就如同空軍的眼淚畢業季到了就讓我們替他們辦一場盛大的畢業典禮！--,104,2,1,
457,2016/6/7,s10330076,[標的] 00632R(T50反1),https://www.ptt.cc/bbs/Stock/M.1465266013.A.1B3.html,Stock,-------------------------------------------------------------------------1.發文前請先詳閱[標的]分類發文規範，未依規範發文將受處份。2.發標的文未充實內文，多空理由不充實者，板規4-1或4-4處份3.退場機制未說明價位、出場條件或長期投資，並敘述對應之理由者，板規4-14.請依格式輸入內容，未依格式者板規4-1砍文處份。5.分類選填請益或心得者，進退場機制得刪去。---------------------按ctrl+y可刪除以上內,59,1,1,
473,2016/6/8,DuGu,Re: [標的] 大台  多多多多多,https://www.ptt.cc/bbs/Stock/M.1465345516.A.4B6.html,Stock,很幸運運氣很好連五拉五 又猜對邊昨天盤中推文我就有說了昨天平的 真的不配當多軍想當然爾 各位應該也知道我今天依然是看多不只多還看非常多多多多多多多要說原因 只能說氣勢起來了量也起來了 最近地震那麼多以前人說地震是地牛翻身大家知道華爾街那頭牛吧這幾日台灣地震代表猛牛要起床啦牛市要來了我們做股票做指數就是要順浪而行何必跟自己的荷包過意不去昨天下午過後收到很多的私信有的是感謝 有的事提問我沒有回覆任何一封在這裡我一次回答你們感謝我的人  真的不需要感謝因為你肯定是跟我一樣的看法才做對邊我的文章只是增加你的信心我才不相信 你原本是要看空 看完我文章你會做多這我真的不大可能頂多只是讓原本要做空的人 收手觀望或者 讓想做多的增加投資金額罷了所以真的不需要感謝我至於私信那些跟我說他原本做空現在賠很多問我有沒有建議的我頂多只能建議你們先收手觀望這陣子吧我才不相信 你原本看空 我一句話會讓你做多我才沒有那麼大的影響力勒------------------------------------------另外再補充昨天還是一堆人叫我股神什麼的?我要跟大家說我不是股神我心中的台股股神是尹教授尹教授股票操作非常的神準我會很喜歡看趨勢來操作股票就是因為尹教授尹衍樑現在身價我預估起碼50億美金他對未來趨勢產業每步的投資都非常的正確神準他才是真正的股神更難能可貴的是他對社會的付出更是完全不吝嗇捐款甚至承諾死後捐出百分之95的財產做公益這才是我心中股神真正的面貌--------------------------------------------我要增加一些股票點不然會被砍文章這裡是補充會繼續看好多   主要是因為台積電占權指成分高昨天股東會表現得很好相信可以當台股這波突破的領頭羊現在市場會開始漸漸往多邊靠近趨勢就是這樣尤其早上美股也開紅盤投資人信心都回籠萬點榮景相信是有機會的現在還不怕縮的時候只怕是該賺的賺不夠多而已,70,0,1,
595,2016/6/13,DuGu,Re: [標的] 大台  多多多多多,https://www.ptt.cc/bbs/Stock/M.1465781786.A.336.html,Stock,今天因為連假過後 趕著九點搶頭香去銀行辦事情怕連假後銀行被擠爆 所以就沒有再盤前PO文本來就預期今天會下跌因為國際原油價格走跌只是會跌那麼多倒是預料之外好險今天趕著辦事情上周最後一天也亮紅盤在這裡PO文目前勝率還是百分百連六拉六如我之前所說 這波的漲跌是跟整體趨勢有很大的關係所以很看油價的走向幾乎都取決於油價目前指數都以觀望另外標的 3504我當初收了30張 平均價格落在 30.5左右今天有跌回來當初沒上車的板友可以考慮現在又回到布局價格左右可以少量買進看看有沒有成為飆股的可能抱歉 一些會看我文的人今天沒來的急 在盤前PO文沒讓你們有參考的依據 說聲抱歉本周指數我建議還是先觀望股票 標的 還是在35043504持股比例 落在 全部資金的百分之10到15中間其他建議留現金觀望就這樣--按照之前習慣 不平 我會再推文中說基本上每天都是會平的唷沒變啦  只是把台股停市這幾天國際市場的變化補回來而已對我們的荷包完全沒影響該了結的早了結了請fj股神  放心就是股本低要衝就會飛快的拿少少錢 買個飆股的 車票就如同我所說要賠股價10% 就停損要賺就兩倍我最喜歡這樣  花小錢買大報酬啦這週先觀望一有多頭訊號我會po文請mmoeri放心我這樣講好了股票會漲 是因為 買的人大過於賣的人大家搶著買 就會暴漲股市價格 跌  被解讀成 賣的人大過於買的人就是投資人看衰市場 認為經濟在走下坡經濟在走下坡的時候 能源需求量 是會降低的那就代表石油的供給過剩 當供給過剩的時候價格就會走貶我這樣反過來說  也許你會比較好懂所以市場行情 跟 油價行情 是相輔相依的會有正關係唷主要還是因為供需法則沒有一天的跌 我有吃到沒有一天有輸多空都是看對邊 至於要漲幾點 跌幾點我不可能知道這要問股版眾股神啦畢竟我不是就在剛剛我開掛了  看多尾盤有拉回的訊號  現在可以試看看,55,12,1,
758,2016/6/17,ronybaseball,[標的] 大盤(空),https://www.ptt.cc/bbs/Stock/M.1466095948.A.E55.html,Stock,1. 標的：台股大盤2. 分類：空3. 分析/正文：如標題昨日台股又不意外的大跌了其實綜觀全球股市還向台股在這死撐的也寥寥可數現在指數在高檔終究會回到它應有的位置以下附圖解說：昨日台股大跌   是近日台股吃下的第2根黑棒吃下2根黑棒會發生甚麼事呢??上圖可以看到今年在上漲的過程中從來沒有出現過2根黑棒如上圖通常出現過2根黑棒以上就代表趨勢扭轉了以現在來說就是簡單2個字：空頭那既然是空頭又該如何操作呢??如上圖對照現在空頭且之前的那波漲勢也沒有過3月的高點接下來跌破今年1月低點7600多是可想而見的4. 進退場機制：(停損價位/出場條件/長期投資)如第3點出場條件可以設今年低點7600多點當然如果下跌的過程沒有一根實體紅棒代表非常弱勢空單續抱也可如果非得要設停損點就設前波糕點8754點以上--,134,6,-1,
1002,2016/6/24,longreen,[標的] 台指期（空）,https://www.ptt.cc/bbs/Stock/M.1466768099.A.2C1.html,Stock,1. 標的：台指期2. 分類：空開始本文前，先跟有在等我後續文章的板友說聲抱歉，因為我的承諾遲遲沒有實現啊…。話說我最近突然發現自己很能體會富堅的心情XD 我最近是真的很忙，除了操盤外，主要是正在著手一本關於法律的書，再加上之前操作週期完結，就突然像洩了氣的皮球一樣，完全沒有動力寫交易的東西了。今天會再上來PO文，主要是因為一件事，我真的是按捺不住，想要說幾句。但我要再此聲明，我並不是要針對特定個人來落井下石，毋寧是針對類似的現象，跟大家分享一些重要的觀念，讓自己在學習交易的路上，盡可能走在正確的、成長的方向。首先我想釐清幾個觀念，我看到很多「盤前PO就給推」這種言論，其實這種觀念非常危險，這表示很多人重的是「預測」，而非「策略」，這在交易上是最要不得的。然而版上既然有這種風氣，所以人們喜歡盤前PO，也喜歡看別人盤前PO，預測當天行情，「準了」被奉為股神，賠了大家打落水狗，結果就是，不管PO文者是真的準還是不準，沒有人學到任何東西。不要預測行情，不要用任何理由預測行情，想像走勢背後的故事，你永遠不會知道市場今天會這樣走，而明天是那樣走，背後「真正」的原因是什麼。D大前幾篇文我都有看過（因為推文數高），但是我認為（恕我直言），D大的操作，並沒有一貫的技術性，都是看當下的行情，找些理由支撐自己決定的方向，簡單說，就是憑感覺。要強調的是，我並沒有說這樣是錯的或是不好的，而是這種方式非常個人化，沒有系統性，無法套用在每個人身上。也就是說，這是別人無法學習模擬的，到頭來還是只能讓別人看到你準不準，這樣而已。我絕對不是說喔某某某看錯了，不準還敢來PO文，然後上來批鬥人家這樣。交易沒有每次贏的，錯的時候很多，我今天PO這篇標的，將來也很有可能打到停損出場，這家常便飯。我不能接受的是，在標的文說「歐印不設停損」這種話，尤其是在前面「準」了好幾次之後。這不只不是在分享操作策略，根本是在傳遞最危險最錯誤交易觀念，法律上叫作「加害給付」，更誇張的是PO文者完全沒照自己的計畫執行…。我知道很多人會說愛跟單的人本來就要對自己負責。理性上而言，這確實無可反駁，但我個人是覺得，認為自己有本事PO類似文章的人，也是要有點道義責任，畢竟這不是真的「純學術」看板。總而言之，我誠摯地建議大家，要學習如何分辨分析文章的本質和優劣，我今天看到的這篇分析，是不是有它一貫的策略性，我有沒有辦法學習，我能不能用，這策略盲點在哪裡，優勢在哪裡，還是說只是一些籠統抽象的，沒有標準化的東西。你要學會判斷，不要只是關心版上哪個人比較「準」，下次來跟他的單，有些東西是很個人性的，別人那樣能獲利，但那就不是你能賺的錢。共勉之。差點忘記寫標的，今天台指這根大長黑下來，沒有意外的話，再過1∼3個交易日，均線就會形成全線空排了，很多基本觀念以前都講過，就不重複提。一樣的，反彈進場，分批進場，目前預定，先在8400掛1口空單（滿倉以5口計），停損設在今天長黑高點8553（設整數8560）。未來如果有成交，或盤勢有重要演變，我就會繼續PO文，順便把之前的文章繼續寫下去。還有再提醒一下，我並沒有作台指，倒是手上還有剩餘的美指空單，均價在17700左右，我還在等反彈加碼，目前台指線型和美指線型有一定相似度，所以操作上也是會類似。--,52,0,-1,
1106,2016/6/27,jokeman,Re: [標的] 盟立(2464),https://www.ptt.cc/bbs/Stock/M.1467040174.A.92A.html,Stock,::::::::::::::::::::::::::::::::盟立之前都在推文中私下討論，以免重覆發文會一直洗版從5/10 發文買進至今，用融資沿途加碼，一路也小賺了快45%看了最近籌碼攻擊的力道，明天開盤後有低點我會再加碼一些之前有買的人我覺得可以續抱，沒買的人其實觀望觀察一下就好畢竟我們也是33~34 一路買上來的，所以成本比較低這波段我個人認為會過45元，今天賣壓我認為是週四高點的短線獲利了結後續有法人助攻下，過前高應該不是問題!! 僅供參考--,97,1,0,
1141,2016/6/28,longreen,Re: [標的] 台指期（空）,https://www.ptt.cc/bbs/Stock/M.1467117779.A.102.html,Stock,根據這兩天行情演變，我們來做個交易策略的微調吧：先說明，這一次的交易週期，我們就以滿倉5口大台 / 20口小台為準操作吧，所以我前篇文說以1/10的部位初步進場，換算就等於2口小台。現在我們要調整一下進場方式，更新的策略為：8420、8460各掛1口小台，停損皆為8560，此外近期內若指數在盤中有突破月線，而收盤收在月線之下，原則上在收盤前再空一口小台。雖然以前強調過很多次了，但我還是要講，不斷地講，就像我說過的，一部好片你可以看很多遍，看到台詞都背起來也沒關係，而交易上的重要觀念，更是需要重複咀嚼內化，把它變成你直覺式的反射動作。像我上面那一段交易策略，你不能只是看表面上的數字，在哪裡掛單，掛幾口，這些技術性的東西是次要的，重要的是從一個簡單的策略描述之中，你要掌握它背後的交易精神。第一，我這兩次標的文，首先都是設定「滿倉幾口」，對吧，它的精神就在於風險控制，換句話說，就是你初步進場的最大可能虧損與你的總資金比率。我說過大台一口至少40萬，滿倉5口至少要200萬本金，那麼假設我們在某次交易初步進場一口，停損算200點好了，最後打到停損出場，虧損6萬，與本金比3％，你不會太痛，而且你可以這樣賠很多次，反正只要抓到一次成功的波段（像我們上次那樣），你可以整個連本帶利賺回來。把你每次交易的最大可能虧損與本金的比例控制在一個極小的幅度，最大的意義，在於穩定你的交易情緒，交易情緒穩定的話，你就可以更穩定地執行交易策略，不會變來變去，要馬賠多了就想孤注一擲，重壓翻本，或是自暴自棄，或是賺了一點就想烙跑，因為帳面上看起來你覺得「挖才幾天已經賺2成了，巴菲特都沒這麼厲害」，事實上是你的本金少，比例當然就高。在交易的過程中，你的情緒必定會隨著帳戶淨值的波動而起伏，最好的控制情緒的方法，不是在操作中或交易後打坐冥想壓抑思緒，也不是運動尻尻轉移注意力，而是在事前就將能影響你情緒的因子（就是浮動損益比！）減到最低。你可能會說，可是我的資金做不到5口大台怎辦，那就請你坐小台，如果你連小台都沒辦法，那就找槓桿更小的標的，再不行的話，麻煩妳賺夠存夠了，再踏進來這個世界吧，火星是很危險的同學。第二，同樣的，強調在強調，分批進場分批進場分批進場，輕倉試單輕倉試單輕倉試單，如果有人開始覺得我已經寫不出什麼新東西了，老梗連發，那我大可不要繼續發文，只要沒有人有意見，我還是會不斷講同樣的話。我之前說過，一個日線波段的操作週期，大約在2周到2月不等，而且是從第一次成交開始算喔，如果期間能持續越長，表示當次的交易越成功，既然時間能拉長，表示後面還有很多進場機會，何必在一開始押大注，您為什麼要這麼急呢？交易的本質是這樣，不管你用的是什麼策略，基本分析技術分析，順勢策略逆勢策略，都無妨，總之失敗的交易都會很快就結束，成功的交易都持續很久。如果你的交易是反過來，失敗（賠錢）的都拖很久，賺錢的週期都很短，不用看也知道你一定都是大賠小賺凹單不停損。（所以希望這次的交易週期可以持續久一點，如果進場沒幾天就打到停損我就沒機會繼續PO文了XD）第三，當然就是預設停損。當你看到這樣的策略內容時，第一個要想的，不是「喔這張單停損設這裡」，你最先要意識到的是：這個人一發標的就先設好停損了（而且不是隨便亂設）。停損怎麼設，是技術性問題，進場前必預設停損，是原則性問題，原則永遠大於技術。只要守住重要的交易基本原則，就算你技術不佳，實際上說要賠多少錢，還真的是不太容易。各位看我兩次發文，是不是都很自然地把這些步驟寫出來？上篇文中建議大家要學習辨識標的文或分析文的優劣，我想這一點可以作為判斷標準之一。因為這次的交易還在擬定策略階段（SOP記得嗎），當然還是要重複這個階段的基本觀念和原則。最後解釋一下為什麼今天要做這樣的策略調整，主要是這兩天台指的反彈行情，感覺有點強，又不會太強，均線的行進方式大致如我先前預計的，但是走勢並未如想像的弱，10日線還在8400以上，所以稍微調高試單點位。上面講的這些，就不是什麼制式化的原則或技術，而是我個人經驗培養出來的盤感，就好像上次進場我為什麼一開始會那樣設，也沒有什麼既定標準，所以我文章不會提到太多這類內容。經驗對交易而言非常重要，所以你要盡可能增加自己的經驗值，要增加經驗值，你就要不斷操作，而且要想辦法讓自己在市場上活得久，只要嚴格遵守我提出的幾個交易原則，你一定可以一直在市場上活下去。對了，不只一個板友來信問到，為什麼我知道有除權息問題後，是改成掛1/10部位，雖然我信有回了不過還是在這裡提一下，主要是因為我懶得再去估計更適當的進場點（也不好算），考量到除權息期間價差收斂等不確定性，索性直接減少初步進場口數，以降低部位曝險程度。喔還有，我這兩天想到一個點子，就是我如果平常有需要即時做策略更動或特殊提示之類，為了避免一直上版PO廢文，我會在前一篇文用推文留言喔，剛好推文有顯示時間，也可以順便做個記錄。（話說大概這兩天就會有單子成交惹，好像有點期待XD）好啦我知道很多人都在等上一個系列文的後續啦，尤其是盤整盤的操作方式和停利技巧，我這邊就先預告一下，這次初步進場單子成交之後，下篇文的標題是「交易技巧：停損點的設定4（進階題—均線糾結穿梭）」，也就是所謂的盤整盤惹，敬請期待嘿（希望不要當天進場當天就出場XD 不過就算這樣我還是會PO啦T.T）。--對了麻煩各位，如果有要寄信問我問題的，下次寄到siegkircheis好嗎，我這個帳號信箱沒容量了，之前為了清理還不小心刪掉還沒回的信...還有我絕對不是為了收信才開新帳號的嘿XD 那是前陣子開的為了轉寄文章用的，上次有提到我在著手一本法律相關的書，所以在八卦版看到值得參考的新聞或文章我就會轉寄，是「取材」用的XD。真的吼>.<好問題XD如果真的這樣的話（有時市場真的滿調皮（賤）的），就收盤再空兩口小台回來，進場K高點停損。過去的交易就過去了，再次出現交易訊號，不管間隔多短，一樣按表操課。不要說信啦拜託XD應該去信那些很「準」的XDs大你指的是什麼？,68,0,0,
1246,2016/6/30,longreen,Re: [標的] 台指期（空）,https://www.ptt.cc/bbs/Stock/M.1467268402.A.51A.html,Stock,命懸一線啊XD 很抖吼各位空軍們，不管你用的是什麼系統，停損設哪裡，記得確實執行不要凹單嘿。總之，既然今天市場女王讓我們繼續苟延殘喘，不給我們一刀斃命，我們還是要盡該盡的義務。接下來的交易策略，一樣守住原定停損8560，另一方面，如果明天收黑K在8420∼8460之間，收盤前加碼1口小台，停損8560，若收低於8420，則暫不動作。進場後，能撐一天算一天，活得越久領得越多。一旦建倉，還沒停損出場前，交易都是成功的。附帶一提，每個人對於浮動損益的心理容忍度不盡相同，如果你連用200萬做2口小台，停損120點左右，都會緊張得睡不著覺的話，表示你操作的槓桿還是太高了，應該再做調整。交易其實是一種探求自我的過程。交易技巧：停損點的設定4（進階題—均線糾結穿梭）「接著，昨日收盤，看到10日、20日線即將交叉通常這種情況，是一定會交叉的，很少在接近交叉時，又迅速軟下去(起碼也是交叉後再軟，而非連交叉都沒有就軟)所以，開始考慮進一點多單。想請問你，若依你的操作指標，今日應該確定會是10日站上20日了，是否就該果斷，於下次10日跌落至20日下面之前，都不再新開空單呢?想和你討論，謝謝~!」本篇文章將分為兩部分，當然是有關連性的。首先，上面這一段文字，事前一篇文章中PO過板友來信的後半，藉由這部分，我想把至今為止我對於操作的基本觀念、趨勢的定義和對線圖的解讀方法，完整清楚地重述一遍，而且我相信，如果你嚴格依照我下面所敘述的方式操作，不敢說你將來能賺到多豐厚的財富，但至少在交易上穩定地一點一滴地累積獲利，是絕對可以預期的。在這段期間板友來信的內容中，我發現比較多的問題是在於對趨勢的定義，換言之，也就是對於均線的解讀，還不是很能精確地掌握，多數人還是把焦點放在均線的「數值」及「位置」，這是不正確的。下面我再把本系統對於趨勢的定義做一次完整的描述（以多頭為例）：主要定義：5日線及10日線在20日線之上，20日線方向向上（這一句標閃爍顏色）。月線          決定方向，週線決定力道；趨勢判斷，先方向後力道。輔助定義：指數上漲過波段高點，下跌不破波段低點。就這樣，其實很簡單。本於上述原則，我們來看看我這兩次標的文的進場判斷（都是一致的）。請各位自己找線圖對照。在上一次的操作中，台指期在03/17創下波段高點8819，03/29跌破月線後反彈，03/31的反彈高點8815不過前波8819，高不過高；回跌之後，04/06破前波低點03/29的8564。至此，已經符合上述空頭趨勢的輔助定義，此外，經過04/01∼04/07的大跌，盤勢在04/08開始之後的反彈過程中，均線也漸漸形成空頭排列，也就是5、10日線在20日線之下，20日線方向向下，至此則符合上述空頭趨勢的主要定義。於是我在4/11（還12？）PO標的文做空，後續的過程大家應該都很清楚了。接下來是現在這一次。指數在06/08創下波段高點後拉回，06/14紅棒低點為波段低點，06/16大跌，破波段低點並破月線，06/17開始反彈，06/24黑棒高點為波段高點，不過前高，當日又跌破前波低點06/16的8247，至此，已經符合空頭趨勢的輔助定義，均線也如預期在日後形成標準定義下的空頭排列，同樣的，我再次PO了標的文做空，在反彈過程中進場。各位可以很清楚地看到，我的進場邏輯非常一致，可以說很機械性，不是這次有這次的理由，下次有下次的藉口。各位要切記，指數在線圖上的趨勢形成後，並不是保證會獲利，它的意義在於給我們固定的操作依據，只要我們不斷反覆做相同的事，輕倉試單，設好停損，獲利加碼，大賺小賠，財富自然會一點一滴累積起來。那麼我這裡附帶說明一下，為何我這次和上次在初步進場的下單方式尚有所差異。首先，從整體的型態上而言，上一次的盤勢，從3月初到4月初有一段密集的頭部區，這意味著相當程度的壓力；這一次的話，指數從06/08波段高點，直接V轉下來，這種情況，上方籌碼（壓力）的本質不好判斷，到底是因為根本性的原因使指數下跌呢，還是只是由於短線利空造成的？不曉得，所以心態上偏保守。最重要的，當然是06/24的暴跌，顯然是由於脫歐事件引發的，但是無論如何，線圖就是線圖，我們不可能，也沒有能力去分析預測公投後續會發酵出怎樣的效果（誰知道他們現在又要脫不脫的呢？），作為一個純技術交易者，我們只能按照市場，也就是價格本身，給我們的指示去操作，線圖出現什麼情形，我們就要做系統所設定相對應的動作，如果確實有其他方面的疑慮，那就降低部位，減少曝險程度。好了，現在回過頭來看看最前面那段板友來信的問題出在哪裡。從敘述內容中，可以知道其判斷上的瑕疵在於忽略了「月線方向」。我曾經說過，短中期均線，很可能會因為價格短暫的變化而擺盪，有時甚至會在月線上下穿梭不定，這就是行情在盤整時的特色，但是月線方向不是那麼輕易可以扭轉的，也就是，趨勢不是那麼容易就改變的，所以交易上更不能忽多忽空。這也是為什麼我在說明停損的文章時強調，初步進場後的停損，最重要的原則，各位還記得嗎，就是「下好離手」，「堅守」停損（記得堅守的意思嗎？）。因為既然我們以十分嚴格的方式定義出當下的行情趨勢，我們就要相信它不會輕易改變。所以我們要再一次，確實地，精準地，掌握上述（本系統）對於「趨勢」的定義，不是短均「站上」長均，也不是所謂的金叉死叉，而是*5日線及10日線在20日線之上，20日線方向向上（這一句標閃爍顏色）。*月線決定方向，週線決定力道；趨勢判斷，先方向後力道。*指數上漲過波段高點，下跌不破波段低點。至此，我們可以知道，前面來信的這位板友比較可惜的地方，大概是因為對於這個均線系統還不夠熟悉的緣故，過於急躁出場，甚至還有反向作多的念頭，以致於沒有吃到後面的大波段（我記得好像有先回對方說不建議作多吧？忘了XD）好了，一如往常地，我又寫不完當天預定的進度啦（唉）。下篇一樣是停損點的設定4，是下集。--,61,1,-1,
1323,2016/7/2,longreen,Re: [標的] 台指期（空）,https://www.ptt.cc/bbs/Stock/M.1467403038.A.EA7.html,Stock,單子停損惹，哭哭。才怪，停損沒什麼好哭的啦XD，告訴各位，交易上的停損我做過無數次了，那為什麼我還活著呢？當然是因為我賺得更多啊∼（話說，希望板上沒有空軍現在還在凹單的= =”）這篇文章要做兩件事，第一，就是交易失敗後的檢討，第二，就是回答板友的問題。這次的交易，預設停損在台指期8560，所謂預設停損就是你一進場就掛好的單喔，不是放在你心裡保溫的。今天（07/02）台指跳空開在8568，所以停損單應該會在這個價格附近成交。我把交易分成四種結果，最好的結果，是依系統操作且賺錢，第二好的結果，是依系統操作且賠錢，壞的結果是不依系統操作且賠錢，最糟糕的是不依系統操作且賺錢。各位可以發現，第三種甚至比第四種還好，第四種不是至少賺錢了嗎？賺錢總比賠錢好吧？錯。撇開那些純感覺進出的，或只是把交易當成閒暇娛樂小賭怡情的，如果你是有心在交易這條路上找到一個系統性方法，穩定發展的人（不論是專職還是業餘），你一定要有上面的觀念。其實我本來還想把「依系統操作且賠錢」排在第一位的，不過怕別人覺得我太假掰所以算了，哈哈。為什麼不依系統操作且賠錢，是比不依系統操作且賺錢還好的結果呢？很簡單，那是因為前者會讓你反省，這種錯誤你會一犯再犯，然後不斷懊悔，痛恨自己，憎惡自己，最後你就有機會走上成功的路。如果你把不依系統操作且賺錢這種結果當作一種好事，那我跟你說，你想要成為一個成熟交易者的目標是無望的。我記得不知道是在自由人還是誰的書裡看到過，提到說自己是菜鳥時有個前輩，手上都是煙燒傷的疤，本來以為他是自虐狂，結果原來是那個前輩懲罰自己的方式…在他未依系統操作而賠錢時。「至少這次賺到錢了」，你會這樣想吧？我實在告訴你，那些錢很快就會再飛走了啦，你以為你現在賺到了嗎？對，你「現在」確實賺到了，只不過那只是「餌」而已，那些錢只是暫時放你那而已，你看不出來還在那邊沾沾自喜，不曉得自己已經是市場上的肥魚了嘛。交易有沒有聖杯呢？有，至少我認為是有的。那是什麼？你一定會問。「我才不告訴逆咧，要就自己去尋找，我怎麼可能把我嘔心泣血得來的交易智慧無償地分享給你…」你覺得我會這樣回答嗎？錯了，想知道什麼是交易的聖杯是不是？簡單啦，我現在就跟你說啦，交易的聖杯，只有5個字，那就是                             依•系•統•交•易怎麼樣，我告訴你了啊，你做得到嗎？我就是看準你做不到才這麼大方跟你講啊。還是你覺得我在虎爛？沒關係，能體會的自然能體會，不懂的，也不用多做解釋。對我來說，依系統交易而賠錢，其實是一種好事，賠錢就是爽啦。為什麼？因為我把「額度」用掉了啊。什麼額度？當然是失敗的額度。假設我的系統勝率是2：1，那我這次小賠一點，便意味著下次又要大賺了…前提當然是：依系統操作。那下次再賠怎麼辦？有差嗎？你擲銅板會不會連兩次同一面？前一次成功的操作我們大概賺了30萬（好像），這次賠1萬5，可以賠20次耶（可能嗎？）。反過來，當我這次依系統操作賺錢了，那我心裡也會想著「搞不好下次會賠」，這是一樣的道理，坦白說，這也是我這次「下小」的原因之一。所以，虧損之後該檢討的，不是「幹我那時買就好了，幹嘛放空呢」「我本來有想過要空的，早知道就空了」「我怎麼沒在那時候出場，這樣就少賠一點」…這種。如果你賠錢之後，心裡的念頭是這些「早知道、那時、如果、就好了」，那表示你在交易上還是個幼稚的小鬼。虧損後最重要的反省，當然就是自己有沒有「依系統操作」，從盤勢研判，下單方式，到停損執行等，有沒有照規矩來，有沒有憑「感覺」隨意進出。檢討之後，如果發現自己的動作都沒有違背系統，非常好，安心睡覺，等下次賺大錢；如果有的話，恩，看自己是要去撞牆還是在大腿上刺一刀還是用煙燙隨便你，總之，下次不要再犯。就這次交易的結果，我認為屬於第2種，也就是「依系統交易而賠錢」，是很好的結果，值得慶祝。那麼接下來要做什麼呢？就是等待，等待下一次的行情，下一次的訊號，再重複做一樣的事。這段期間最忌「焦躁」，對於上次的賠錢念念不忘，一直想翻本，想把輸的「皮等來」，朽漮朽滂，每天在那邊想現在可不可以買了，這裡再空一次好了，就不相信它會漲這麼高，四處找理由想進場，把自己的系統都拋在腦後。如果你陷入這種情緒當中，前方等著你的是再一次的挫敗，而且傷害會是加成的。既然提到了交易情緒（話說我很久以前有PO過一篇談「懊悔」的文，有興趣的板友可以搜尋看看），我這裡想附帶稍微提一點，就是「恐懼」。在交易之中會產生「恐懼」這種情緒的時候，其中之一就是在價格鄰近預設停損的期間，我相信不管是這次的交易，還是大家過去一定都有過這種經驗，被這種情緒征服的人，一般會採取的動作是，要馬移動甚至取消停損，要馬提前出場。我這裡不深入地談，只講講「提前出場」這一點。在持有部位的過程中，價格在預設停損點附近徘徊的情況，是很常見的，人會在這種時候產生恐懼心理，也是很正常的，但是只要你確實地經驗過幾次「沒有依系統出場而提前認賠，結果價格日後往你原來建倉的方向前進」這種事的話，你就會想要剁手指發誓以後再也不要這樣了。我講白點，既然價格都離停損這麼近了，就等它來就好了啊，沒差那幾點真的，作人要甘願一點，瀟灑一點，你一開始下了2萬塊的注在檯面上，眼看自己快輸了，竟然拜託莊家退一兩千…不…幾百塊也好…給你，讓你可以坐計程車回家，幹這還不給人笑死嗎你這俗辣？沒本事就不要進來玩OK。你這次為了少賠這10幾點，下次、下下次，你就是少賺好幾百點。其實我這次的標的文是以停損作結，結果對大家而言（包含我自己）是好的，因為這才能讓各位看到交易上真實的一面，如果這次又賺了，造成各位一種錯覺，覺得我PO文必賺，以後看到ID就盲目跟單，這才是最恐怖的。相信板上只賺不賠的神人很多，我剛好不是其中之一，我只是自詡是個還算成熟的交易者，有自己的系統，照自己的系統操作，因為在交易上有些心得，有空上來跟板友們分享一下，這樣而已。還有就是我一再強調的，要切記，沒有完美的交易系統，你找到了一個適合自己的系統，你就要同時接受它的優點和缺點，就跟女人一樣，不要只想把自己的系統「最佳化」，也不要只想設法「改造」你的女人。市場上每天都有人在買賣，買的人或賣的人都有他們的理由，今天行情這樣呈現，對A（的系統）來說該賣，對B（的系統）來說該買，明天結果會如何，沒有人知道，但是一定會有個結果，重要的是，賠的要想辦法賠少一點，賺的想辦法多賺點。結果出來後，反省，學習，長進，等待下次機會，讓自己保持一顆平靜的心，不要理會他人的閒言閒語，「這種行情還在放空？笑死」「大盤9000了還買喔，傻了嗎」「我這波賺了xx萬」…之類。我說過交易要多關注自己，不用關心別人。當然，等下次你賺錢的時候，也不需要說這種話，或有這種念頭。下一篇我會回答板友提過的一些問題（包含來信的）T.T--,91,11,0,
1435,2016/7/5,kbcc,Re: [標的] 3373 熱映,https://www.ptt.cc/bbs/Stock/M.1467682294.A.58C.html,Stock,今日走勢轉強，持續看好，即使是觸前高回落，我也會站在買方。預期這檔走的會是突破格局而非盤波段頭部。供大家參考。-----Sent from JPTT on my HTC_M9u.--,88,9,1,
1832,2016/7/15,henry910119,[標的] 大盤(空),https://www.ptt.cc/bbs/Stock/M.1468550449.A.5F2.html,Stock,1. 標的：大盤2. 分類：空3. 分析/正文：基本面:超級好！不說了不過股票本來就不是只看基本面技術面:有過高的嫌疑但也可能繼續嘎空籌碼面:這個禮拜連續的大量我想散戶進不少 尤其是今天 散戶應該瘋狂買進。現在空就對了心裡層面(這才是主因)昨天突然出現10幾篇標文。平常不出現結果歐股一大漲就出現，人人都是大師，一看就知道高點到了。今天的漲勢個人認為是空頭回補，不過是不是明後天就知道了！----------------------------------------------------------------這是德股的走勢如果有發現德股一碰到年線壓力後就會下跌這是法股這裡我的推測。 屠殺加上過高歐股會有一波回跌 進一步的市場都會下跌至於是回測還是下跌 就看後續發展4. 進退場機制：(停損價位/出場條件/長期投資)進場:已進退場:沒跌就是我分析失敗 跟上面不一樣就退禮拜一亞股沒跌就出場如果禮拜一跌後又漲 破成本就出場-----Sent from JPTT on my LGE LG-H815.--我的樂觀  來自你的悲觀--,65,22,-1,
1836,2016/7/15,jokeman,Re: [標的] 盟立(2464),https://www.ptt.cc/bbs/Stock/M.1468595822.A.1FD.html,Stock,:1.我個人在1/30 開始買，有過過一波，從33元買進，40元附近賣，做第一次波段2. 5/10發文推薦做第二波段，下跌時我再推文再34~36元加碼3. 6/27漲上來過前波高點盤整時，再度發文加碼買進  ->個人對帳單，童叟無欺，我有把除完息的報酬還原回去很多版友報酬率都比我好很多，我只是為了證明我不是空氣單，台GG是不會騙人的因為我習慣跟版友們都在推文中討論，也以免太過於洗版佔版面這篇是說明一下這檔的操作邏輯跟我之前的選股邏輯作呼應1. 符合大部分選股邏輯，基本面也成長，回到均線糾結處買進2. 買進後，6/22起投信跟自營商開始買進，證明買就該買在法人之前，讓他們抬轎3. 開始盤跌後量縮平穩，就差不多可以買進4. 當初加碼原因有二，主力券商持續買進，沒有出貨跡象；法人持續買超不賣5. 6/24~7/04 盤整期間為何再度加碼原因，6/24 長黑是因為受脫歐拖累所以不理會   剩下的幾天是量縮盤整，延五日線爬升，盤中低階買盤穩健，沒有長黑爆量   二者是法人續買，主力券商未明顯出貨(兆豐)，因此再度加碼買進-------------------------------------------------------------------------各位版友要討論這檔可以在推文討論，我就不再回文囉，避免洗版今天盤後觀盤，融券開始增加，空軍開始手癢，主力券商之一(兆豐)開始獲利了結但好處是站在很多天賣方的外資開始買超，他願意再推一把讓我們出貨給他我是很樂意的，當初有相信我而有買進的版友，下周注意下賣點囉!!--,122,1,1,
2053,2016/7/21,Lv10,[標的] 大盤,https://www.ptt.cc/bbs/Stock/M.1469092738.A.408.html,Stock,1. 標的：大盤2. 分類：空3. 分析/正文：先說....這應該會是我近期的最後一篇文章了因為為了算大盤走勢...MP已耗盡。正文開始.....民國50年10月23日 台灣證券交易所成立 星座我不在行，所以星座運勢我都是參考唐立淇老師。然後昨天晚上就用塔羅牌算了一下大盤下半年的走勢。抽中的是 寶劍八【正位】、太陽【逆位】、戰車【逆位】分別代表著 股價現況、股價走向、出場時機：寶劍八【正位】八號牌與「評估與前進」相關。寶劍八是受困牌，圖中的人物困於利劍與泥淖中，遠方的城堡安全之地離得很遠，蒙上的雙眼，身上布條的包裹，他受困於想法當中，想法強大的作用性，讓他的行動能力受到限制，他正小心翼翼的，透過地上的水痕，感受自己心中的感受，想辦法脫困，旁邊的這些利劍，可能是來自他人的一些建議，或是自己心中的想法、評價，然而這些想法、意見、建議，確確讓他更加的受困於其中，陷入一種僵持的局面當中，處於困擾的情緒，不知道什麼是正確的方向，只能稍稍的加以摸索，卻害怕受到傷害，表現的相當無力感，害怕與退縮。：太陽【逆位】太陽出現，就充滿希望歡欣的氣氛，所有的事情都一帆風順，而且是全方位的成功。太陽如此光明，但過猶不及，任何事情都有隱藏的危險處。太陽雖然帶給我們溫暖與能量，但它也能將人灼傷，將大地烤成沙漠，太陽逆位也就代表各種事項逐漸走下坡，已經過了高峰，極盛時期過去了，最亮最熱的時機已經不再。：戰車【逆位】戰車牌逆位的一個可能意思是，多愁善感的懸而未決的感覺影響了你對事情的看法。不要沉迷於過去，不要沉迷于應付事情的老方法，或沉迷於在你內心越堆越高的情緒，當這張牌逆位時，情緒突然爆發的情形是預料中的事。最後，之前的標的 GIS-KY、鴻海、友訊都在今天盤中陸續出脫完畢。樂陞則是前兩天在102就先賣了，本來還想說押回再買回的...沒賺到後面這幾天台企銀則不會買入了。4. 進退場機制：(停損價位/出場條件/長期投資)今天已進場，手上已放空 4張0050期、9007的八月台指期一口停損價位：9958停利價位：8458內容均不構成對任何證券買賣邀約，也不會對讀者進行任何形式邀約。每篇文章僅本魯投資記錄與心得分享，引用數據皆為個人研究心得；非為投資建議與參考，請勿引為買賣決定！投資有風險，任何買賣請自由判斷進出，本魯不對任何人負責買賣盈虧。也無推介之責，純粹分享交流使用。--,67,5,-1,
2141,2016/7/25,chengwaye,[標的] 大成,https://www.ptt.cc/bbs/Stock/M.1469414067.A.23E.html,Stock,1. 標的：大成2. 分類：短線單3. 分析/正文：大成回檔至技術分析的60ma。黃小玉回檔導致長線投信”頭次“大賣，但大賣頭次出現估計尚不為患。技術線上頂多是有反彈的機率，長一點的波段底覺得還沒有可能，也要這邊因原物料走勢打上一個短底後，才有可能向上，個人採三天內往下買法，操作短期反彈，此篇文為操作季線反彈短線紀錄。4. 進退場機制：四日內未見反彈停損單。分享文內容不構成對任何證券買賣邀約，也不會對讀者進行任何形式邀約。每篇文章僅為個人投資記錄，引用數據皆為個人研究心得；並非給本文讀者任何投資建議與參考，請勿依據本文作買賣決定！投資有風險，作者不對任何人負責買賣盈虧。不建議任何讀者跟單。--,124,13,1,
2170,2016/7/25,superbenq,Re: [標的] 3455 由田,https://www.ptt.cc/bbs/Stock/M.1469433482.A.329.html,Stock,不知道大家是否抱緊 40元列車準備出發了 由於許多人寄信問我這檔並且提出許多問題 不好意思由於工作太忙無法全部回覆 基本這檔盤前戳合可以看出一些端倪 主力製造出賣壓很重的假象 但可以看得出32.5-33是強大主力均價支撐區 盤中刻意壓盤 持續用現價賣出但卻有一個有趣的現象 越壓盤 股價越高明顯看得出主力貪婪的難看吃相 等到吃掉散戶的單後 再利用大單急拉 殺個大家措手不及看準這種手法 要吃傻傻主力豆腐 一點都不難今天大盤急殺時 就可以看到這檔明顯有人在顧外加這檔除息2.5元 殖利率之高 即使大盤不穩進可攻退可守 我已經準備好吃爆傻主力嫩豆腐了融資早已All in 等待明天的跳空算錢 為了對自己標的文負責在除息前只要跌到31以下 新竹發雞排50份如果跌到30元以下 我會全部停損 並且在新竹發放雞排100份但我相信這個機率之低 應該是不可能發生的希望時間能過快些 等不急明天開盤數錢數到手軟了----,69,3,1,
2187,2016/7/26,chengwaye,Re: [標的] 大成,https://www.ptt.cc/bbs/Stock/M.1469498781.A.7D9.html,Stock,小弟玩這隻玩一玩也快八年了算是小有心得昨天到今天的反彈原因是靠著外資對幹投信成為短線反彈小底部然而就如文章所說小弟比較不看好大成這邊變成一個中線底部要是有興趣的可以去a小弟大成的文上次小弟PO大成文是在4/6的21.3波段單帳戶抱一抱抱到最近又換搶反彈帳戶出來昨天外資買超的1800張氣勢完全大贏投信自然今天開紅上拉不是很意外但投信其實還有快萬張可以出投信開始賣就是一直賣一直賣所以今天拉起來接近CDP壓力小弟剩餘的反彈單就先出了下一個波段低點等投信賣完說不定剛好到下一大條均線可能會是小弟比較喜歡的波段進場點--,61,0,1,
2197,2016/7/26,fu3293,[標的] 中工2515,https://www.ptt.cc/bbs/Stock/M.1469532116.A.62A.html,Stock,-------------------------------------------------------------------------1.發文前請先詳閱[標的]分類發文規範，未依規範發文將受處份。2.發標的文未充實內文，多空理由不充實者，板規4-1或4-4處份3.退場機制未說明價位、出場條件或長期投資，並敘述對應之理由者，板規4-14.請依格式輸入內容，未依格式者板規4-1砍文處份。5.分類選填請益或心得者，進退場機制得刪去。---------------------按ctrl+y可刪除以上內,55,26,1,
2455,2016/8/3,jokeman,[標的] 漢唐 (2404),https://www.ptt.cc/bbs/Stock/M.1470238918.A.8DD.html,Stock,1. 標的：漢唐 (2404)2. 分類：多3. 分析/正文：   a.基本面：幾乎從2014/11 以來的月營收的年增率都是正成長             從九億開始爬升到現在的12~15億左右，訂單穩健             2016 Q1 毛利率:15.73%，較去年同期微幅成長             營益率為 11.29%，是歷年來第一季表現排前三高             2016 Q1 eps：1.37，為歷年來第一季最佳，是明顯的突破             粗估今年eps為5.7~6.2元，以現在股價推算本益比才8.1倍             去年發放4.5元現金股利，歷史新高，股息殖利率接近10%             利息保障倍數268.79，財務體質還算不錯             近八年的自由現金流只有兩年為負值，現金流平穩             值得一提是，第一季的業外損失五千萬是匯損造成             第二季將不會有這問題，且今年第二季營收是歷史新高!!             上半季賺三元應該不是太難的事!!   b.技術面：從去年九月以來一路走上升趨勢線             型態學上來看是上升楔型，也是末端的三角收斂區段             目前均線糾結，且五線全部翻揚向上，各時期投資人成本墊高中             代表有追價意願，今天收腳下影線，連兩日站穩半年線支撐             目前都量縮至一千多張左右，攻擊量約三千到四千有助填息             短壓在除息前的51~52元區間，需要帶量消化壓力             第二季財報出來若如預期良好的話，前高53.9 應該不是問題             下檔支撐在46.35，若跌破則風險提高，不宜加碼，支撐會變壓力             向上有賺五元以上空間，向下有賠兩元就停損的風險             大家可以仔細盤算盤算   c.籌碼面：這檔外資持股高約24.68%，集中的持股             融資使用率約當8.85%，游資散戶持股低             外資從7/11 起已經慢慢轉變為買進的心態，可以持續觀察   d.消息面：上半年靠台積電訂單跟大陸面板廠訂單，穩健成長             下半年就靠台積電的南京廠來撐起營收，以及台積中科的擴廠             目前在手訂單就兩百億左右，第三季會認列業外大陸江西投資股利             第三季的eps 也是2元起跳，全年抓個6元附近不為過4. 進退場機制：(停損價位/出場條件/長期投資)小弟昨天48.7進場 / 今天 48.3/48.7 進場加碼之前觀察未進場，是均線壓力未過，需要時間化解，這兩天站上半年線，故進場這檔量不小，且我買的價位也是跟現在差不多，不會又說是抬轎文吧 QQ大盤點位高，請各位要考慮清楚，且明確知道自己買的是什麼東西再決定一切都要考慮風險為上!!--,296,9,1,
2524,2016/8/5,nntw,[標的] 1787 福盈科,https://www.ptt.cc/bbs/Stock/M.1470331931.A.5A7.html,Stock,1. 標的：1787 福盈科2. 分類：多3. 分析/正文：如果說儒鴻是奧運概念股  福盈科就是儒鴻概念股 XD (這幾周 儒鴻沒上車的 還有補票機會)  重點是福盈科今年第一、二季營收破自己記錄，第三季是傳統旺季。4. 進退場機制：(停損價位/出場條件/長期投資)停損，停利：8/4已收33張 不設定股價 抱到10月 中 出。--,63,7,1,
2699,2016/8/11,chengwaye,[標的] 4991,https://www.ptt.cc/bbs/Stock/M.1470880633.A.8F3.html,Stock,1. 標的：環宇-KY 49912. 分類：短線單3. 分析/正文：回檔至支撐72~75，75見大單掛整數價出清單被其他分點直接大單接走，盤後看籌碼猜測為投信。猜測這邊應該有中線反彈的空間。個人操作若後續有往下繼續買，破70停損。4. 進退場機制：分享文內容不構成對任何證券買賣邀約，也不會對讀者進行任何形式邀約。每篇文章僅為個人投資記錄，引用數據皆為個人研究心得；並非給本文讀者任何投資建議與參考，請勿依據本文作買賣決定！投資有風險，作者不對任何人負責買賣盈虧。不建議任何讀者跟單。--,54,1,1,
2793,2016/8/13,ninaplay,[標的] 3455 由田,https://www.ptt.cc/bbs/Stock/M.1471082003.A.7F3.html,Stock,1. 標的：3455 由田2. 分類：波段多3. 分析/正文：籌碼面:主力長時間不退場，上下洗盤做波段。PTT散戶出場。技術面:跌破半年線後馬上拉回強勁支撐。各項技術指標待爆發。個人習慣14日線為進出指標。營收方面:1~6月慘慘EPS慘兮兮，靠七月營收拉到跟去年相同。猜測接下來會有ㄧ波營收認列。消息面:中國ˋ台灣面板廠相繼擴廠，AOI設備廠不太可能業績衰退，相比均豪ˋ晶彩科已營收任列噴噴，由田和牧德都有機會。4. 進退場機制：(停損價位/出場條件/長期投資)原則上簡單化，兩個條件。14日線做波段，若連續兩天跌破14日線就出場，待升破14日線進場。2.爆量出場不設停利點。最晚1月出場。仿效S大，若除息前跌破31就發50個雞排(景美)，漲到40以上發50個雞排。漲到46以上發100個雞排。不喊卡。以下開放登記~--,281,3,1,
2919,2016/8/17,d94425140,[標的] 2545 皇翔,https://www.ptt.cc/bbs/Stock/M.1471446830.A.C86.html,Stock,1. 標的：2545皇翔2. 分類：長多3. 分析/正文：基本面→上半年營建獲利王，還有未認列營收。技術面→準備好衝破前高，41.65。籌碼面→大戶、主力籌碼集中。消息面→無4. 進退場機制：已進場打算放個一年或60獲利出場。退：基本上不退場跌破35我在加碼持股並新莊流氓雞排發50份-----------------------60獲利出場我也發50份雞排！加碼捐6000元給徐園長護生園------------------------改個方式都吃的到！這樣好不好！對帳單對帳單小弟我來試試水溫！看看囉！感謝指教！那請問大大買了嗎？當然不需要囉，板上前輩個個高手。小弟只是小小淺見分享。這是自然...,135,0,1,
2933,2016/8/17,Missing,Missing,https://www.ptt.cc/bbs/Stock/M.1471431057.A.154.html,Stock,來源: ->請輸入3662作者: S26 (專做破產轉機借殼掏空股) 看板: Stock標題: [其他]樂陞已達收購數量暨公開收購條件均已成就時間: Wed Aug 17 18:50:54 20161.事實發生日:105/8/172.發生緣由:公開收購人公開收購樂陞科技股份有限公司（代號3662，以下稱「樂陞科技」）普通股，所有本次公開收購條件均已成就，爰依公開收購公開發行公司有價證券管理辦法第19條第1項之規定申報。3.因應措施:本次公開收購尚未截止，公開收購人將持續公開收購樂陞科技公司普通股至105年8月19日下午3點30分止。提醒欲參與應賣之樂陞科技股東，請儘速持證券存摺與留存印鑑至原開戶證券商處，辦理應賣手續。如有任何問題，請洽本次公開收購受委任機構中國信託商業銀行股份有限公司，應賣諮詢專線：(02)6636-5566(代理部)。4.其他行政院金融監督管理委員會證券期貨局規定事項:(1)依公開收購公開發行公司有價證券管理辦法第19條第4項規定，應賣人於公開收購人為本公告後，除法令另有規定外，不得撤銷其應賣。(2)應賣股數已超過預定之收購數量，如無因假扣押、假處分等保全程序或強制執行程序，或出現其他轉讓之限制，使已應賣股份視為自始未提出應賣，且無其他經主管機關核准後得停止公開收購之情事，本次公開收購將於公開收購期間屆滿後5個營業日內(含第5個營業日)辦理應賣股份交割及收購對價支付事宜。心得:我手上是沒有拉~~~~恭喜有的各位~~~~我之前還辦了10個帳戶為了等成就再     買說~~~~看來只能期待華亞科了--,79,7,0,
2958,2016/8/18,clearlight,[標的] 大樹 6469,https://www.ptt.cc/bbs/Stock/M.1471509716.A.37A.html,Stock,1. 標的：大樹 64692. 分類：多3. 分析/正文：這是家從桃園發跡起家的連鎖藥局，在今年三月的時候剛上櫃，目前還沒有法人關注，也很少人討論，每天的成交量很少。目前擁有52家門市，光桃園市就佔了21家。這幾年快速展店，(2013年25家，2014年35家，2015年46家)，並且與全家結盟開設便利商店藥局複合店。計畫五年內要展店到200家。展現極旺盛的企圖心。看好這家是因為覺得這支似乎有望成為寶雅第二。寶雅在2002年剛上櫃的時候，全省總店數應該只有十幾家或不到十家左右(這方面的資料或有誤，祈各位先進不吝指正)。那時寶雅與美華泰、名佳美三強鼎立，在中南部的美妝雜貨市場撐起一片天。但寶雅藉由上櫃，進入資本市場募資的力量，積極大舉展店，展現極為強烈的企圖心。更為展店資金所需，在2007年引進外資(馬丁可利以每股18元的價格認購11%股權)。藉由大舉展店拉開與競爭對手差距。目前寶雅全省總店數達141家，遙遙領先第二名的美華泰(30家)。藉由大舉展店產生的規模經濟，寶雅毛利率由八年前的29.18%，逐年攀升至去年的40.96%。營業利益率更從4.85%攀升至10.56%。八年來營收成長了一倍多，稅後純益卻增長了將近四倍。股價漲幅更為驚人。在早期的時候，寶雅並不特別為市場所看好，可能是寶雅賣的東西很普通(就是美妝雜貨店)，與美華泰、名佳美相比，看不出有什麼特別的過人之處。所以市場評價也不高，給的本益比也很低。但我覺得寶雅能至今天的成就，主要靠的就是其上櫃後藉由資本市場募資所展現極高度的企圖心和野心。我的寶雅持股已於460元左右全部出清，這幾個月以來一直在尋覓長線有機會複製寶雅走勢的潛力個股。最近觀察到這支大樹藥局，在它身上似乎看到早期寶雅的影子。在桃園區能夠開21家店，這幾年逐步複製在桃園的成功展店模式，積極地在各個縣市大舉展店。(寶雅早期是發跡於台南，在台南已經開了很多家之後，再逐步往各縣市挺進)。唯一的缺點是大樹藥局目前的規模尚小，還稱不上規模經濟，市場地位更是難與寶雅相比(寶雅目前在這塊市場可說是奔逸絕塵，遙遙領先。沒有具有威脅性的第二名)。但似乎可以少量布局，長期持有。以上。4. 進退場機制：長期投資--,52,0,1,
3007,2016/8/19,cubec,Re: [標的] 3662,https://www.ptt.cc/bbs/Stock/M.1471598163.A.A91.html,Stock,剛剛已打中信應賣諮詢專線，確定1000股以下全數收購，也就是說，全部沒有3萬8000戶。超額收購比例，晚點才會出來。--,105,3,0,
3336,2016/8/28,aitt,[標的] 大盤,https://www.ptt.cc/bbs/Stock/M.1472319273.A.6A9.html,Stock,1. 標的：大盤指數2. 分類：多/空/請益/心得 多3. 分析/正文：行情來到9100以上，這裡看起來是高點，可若由本益比，景氣產業面來研判，則目前還算是低點，甚至長線未來還有個2000點以上的上檔空間為何會如此看法? 第一.景氣亮出綠燈，通常景氣亮出第一個綠燈後，代表復甦加速，行情至少還有12個月走上機會 第二.短中長期均線在6月底時才剛完成全部多頭排列，既是如此，行情更不會那麼快反轉急下，反而還會沿著長多軌道走上很長一段時間 第三.9100點的本益比不到15倍，且依明年上市櫃公司的盈餘成長率，本益比屆時還可能壓到13倍，這樣的本益比是高是低相信大家很清楚 第四.外資在現期貨大力做多，這已經不是追求短中期獲利的情況，而是常駐資金型態，想要在長線狠撈一票第五.政策面作多綜合以上，我敢說行情這波上去，不只會看到萬點，而且還很有機會再過萬點後狠狠的來個萬點以上強軋空，過萬點後的漲勢會比在萬點以下還快上許多，投資人過去長期被萬點是高點的觀念洗腦，因此到了萬點那堮ㄘ也是猶豫或看空放空，問題股市你知道的，當散戶認為這是高點，常常還有更高點，就跟北市豪宅在2006年以前每坪百萬根本是公認的天花板，可是信義聯勤標出高價，百萬魔咒一破後，接下來怎漲的相信大家都知道4. 進退場機制：(停損價位/出場條件/長期投資)停損8400(中長線轉空點)出場11000-11500以上(長線目標)波段9800績優股中長期投資可--,70,8,-1,
3642,2016/9/2,chengwaye,[標的] 橘子6180,https://www.ptt.cc/bbs/Stock/M.1472780972.A.416.html,Stock,1. 標的：橘子 61802. 分類：短線單3. 分析/正文：近期3662遊戲股崩橘子回檔至3季前起漲點27.7，近期融券增，昨日外資自營開始回買(32張、6張)。個人操作採短線反彈模式，猜測今天幾個書家券商停損中，明天應能開高，若無則停損或停利。若開高後則採感覺差不多了就停利4. 進退場機制：分享文內容不構成對任何證券買賣邀約，也不會對讀者進行任何形式邀約。每篇文章僅為個人投資記錄，引用數據皆為個人研究心得；並非給本文讀者任何投資建議與參考，請勿依據本文作買賣決定！投資有風險，作者不對任何人負責買賣盈虧。不建議任何讀者跟單。--,53,8,1,
3855,2016/9/7,aitt,[標的] 大盤,https://www.ptt.cc/bbs/Stock/M.1473258081.A.4B1.html,Stock,1. 標的：大盤2. 分類：多/空/請益/心得:長多3. 分析/正文： 之前有提過10000點以下皆是買點，未來上看11000以上，現在再次重申台股目前水位依然處於物超所值水準，外資法人的動態依個人研判應是萬點以下大量吃貨，到了萬點後再暴力拉抬強軋，至於台股目前水位在哪裡? 你看指數點位當然高，但是若看本益比則仍低估，講句白話點好了，大概就跟大安區一坪不到60萬的水位差不多而已，一旦衝破萬點，我敢說台股的漲升速度會是現在的2-3倍(別忘了超額儲蓄現在無法大舉流入房市，但若萬點魔咒確定打破則可能大量流入股市)4. 進退場機制：(停損價位/出場條件/長期投資)中線停損8800 長線停損8500 出場條件11000以上(長線) 9500(波段)--,99,12,1,
4062,2016/9/11,summerpain,[標的] 安勤3479,https://www.ptt.cc/bbs/Stock/M.1473604006.A.7C0.html,Stock,1. 標的：安勤34792. 分類：多3. 分析/正文：  一隻被人低估的股票，今年持續在成長，但股價卻沒有即時反應，但確實是一隻很穩的股票，以我觀察64一直有人在吃貨，跌破不了64，昨天營收出來整個大好，再加上近期投信開始吃貨，Macd線轉正，後勢看漲，可以期待的一隻股票4. 進退場機制：67.2進場，停利80--,52,27,1,
4216,2016/9/19,aitt,[標的] 大盤,https://www.ptt.cc/bbs/Stock/M.1474216559.A.B1B.html,Stock,1. 標的：大盤2. 分類：多/空/請益/心得:多-破季線反而要找買點3. 分析/正文：大盤目前拉回已經超過300點，如以短線來看，台指期結算前或許還有低點，但是，短線的拉回卻也來到中長線的支撐區，預期8750-8800這一帶的大底頸線可望發揮不弱的力道(當然也不一定可以來到這麼低，只是就算來到了恐怕都是悲觀言論讓大家不敢買)既然短線拉回，長線依然看多，且年底前上看9600未變下，當然逢回找買點為佳，這陣子或許會先震盪整理，九月月線也可能拉回，不過現階段季線未反轉而下，年線更是才回升一個多月，加上景氣面轉好擴張，預期未來仍有往上空間4. 進退場機制：(停損價位/出場條件/長期投資)停損8500  出場短線9350  中長線9600--,79,9,1,
4222,2016/9/19,deficient,[標的]2377微星,https://www.ptt.cc/bbs/Stock/M.1474297049.A.BB8.html,Stock,-------------------------------------------------------------------------1. 標的：2377微星2. 分類：多3. 分析/正文：（1）抓對現在與未來趨勢：電競筆電和VR（2）成績有目共睹：近年營收和營利率成長明顯，8月營收年增40%！                   出貨收款控制得當，現金持續賺入（3）有話題有成績，物美價不貴，     技術線圖大好未來，法人持續買，融資低檔，融券攀高，高點還早4. 進退場機制：長期投資（營收成,88,5,1,
4606,2016/10/1,jokeman,[標的] 智易(3596),https://www.ptt.cc/bbs/Stock/M.1475315155.A.826.html,Stock,1. 標的：智易 (3596) 網通股2. 分類：多3. 分析/正文：   a.基本面：連續十七個月營收的年增率為正向，尤其今年成長力道更明顯             2016 毛利率 Q2:17.47% 為八年來最佳表現             營益率為 9.86%，是上市以來最佳             2016 上半年 eps：4.14元，也是八年來最好             法人預估今年eps必上 7~7.3元，以現在股價推算本益比才8.8倍             今年上半年賺的比去年一整年賺的還多             負債方面的速動比跟速率比約207/147             利息保障倍數把130.72，財務體質還算不錯             存貨週轉率1.3x逐步上升到1.59，代表產品供不應求阿!!   b.技術面：從去年8/25 的谷底打了頭肩底的型態往上爬，目前是上升趨勢線走勢             目前股價量縮回測季線，9/30 在季線附近開低直接紅k棒往上收高             代表盤中殺盤賣壓不重，低檔買盤厚實且有追價意願             8/26， 8/31套牢區會是短壓，但我看籌碼這兩天買進的也賣得差不多             最近看是否有機會在季線附近打滾，醞釀反彈走一短波   c.籌碼面：這檔中只有外資持股19.6%，融資使用率約當32.95%             其實這兩個指標是都算偏高，還有智障投信也持有一些，連賣數天             老實說這檔股票外資的腳色偏重，漲跌其實跟外資動向有關             就昨天的籌碼分點來看，贏家券商都進場買了，是蠻特別現象   d.消息面：智易積極布局智慧家庭、物聯網、4G LTE小型基地台市場             持續耕耘無線寬頻終端、固網寬頻、無線產品，也瞄準2020 5G市場             主攻拉丁美洲市場，今年也新增印度、加拿大、澳洲等新客戶             尤其新客戶STB(Set-Top Box) 加入陣營             非常明智的降低只愛享樂不事生產的愚蠢歐洲市場比重             第二季毛利率創新高，主要是IAD產品受到中南洲客戶拉貨力道強勁             第三四季是網通的旺季，不過今年第三季訂單提早拉近第二季             所以第三季會略低於第二季，不過IDA出貨順暢，第三季表現優於預期             簡單說智易今年改變產品組合收到效果，又有新客戶加入，更優       隱憂：法人預估，智易第三季營收約60、61億元，且下半年匯率不易有加分效果             下半年主力產品結構沒有上半年來得佳，下半年毛利率不會比第二季好             所以下半年的EPS 會略低於上半年4. 進退場機制：(停損價位/出場條件/長期投資)   63.8 進場(9/30)，停損抓10%，剛好是跌破半年線位置   大盤高檔震盪，最近不太好操作，這一檔建議短波段來回操作，不宜久放超過10月中   只要上升趨勢線不破，都可以來回操作   這檔當年EPS七塊多時，股價是破百，現在只有64.7，邏輯上不太合理吧!!   有兩天時間可以謹慎思考，勿盲目跟單，錢是自己的，我樂於分享，參考就好--,114,8,1,
4814,2016/10/8,Ejaculation,[標的] 大盤 (多),https://www.ptt.cc/bbs/Stock/M.1475887857.A.C9F.html,Stock,1. 標的：大盤 (多)2. 分類：多3. 分析/正文：套用某人的開場白先說結論 大盤禮拜二開始將走出大多頭噴出我認為三天後看這篇文章絕對是先知文但10/10看完美股再說 那可能就沒這麼先知了為什麼呢? 我的立論點有三其一.這十八年來 美國股市 看道瓊而言10月份的紅棒有12次 黑K為6次紅K的漲幅超過3%的 有8次之多 漲點超過五百點也有四次尤其看2009那根10月K還硬往上收一點收紅2014也是拉出一千五百點的超長下引線紅K然而六次黑K 有遇到金融海嘯的2008跌幅大概三成其他五次跌幅都在2%以內我們可以看得出來第四季的開端 美國是多方格局較多然後以總統大選的格局來看美國選舉都是在11月20年來 五次總統大選 10月紅K機率是40%只有1996年跟2000年是紅K可是重點是黑K都很淺跌 紅K都是一根又粗又長最重要的是 美國到今天為止10月還是一根黑K然而最近要在一片祥和下突然殺出一隻黑天鵝我看也是不容易所以國際股市十月份對台股是只有加分沒有扣分其二.然而台股十月份當然也是漲多跌少因為台灣畢竟比較看美國爸爸的臉色再走所以當然是亦步亦趨以基期來說 台股無疑是世界數一數二 不但爬回去年7月那根上緣而且還是已經扣掉除權息之後強到無話可說下殺到季線都出量 可是都迅速漲回去在不斷測底之後 壓力也不斷減輕可以看這三天 尾盤江波都很噁心一根射出去收高台積電都最後一盤試搓合收高而且沒量觀望之下 外資更是予取予求這次在前高附近已經盤旋了恰恰是十三天只待美國反彈之後就能夠輕鬆越過前高9303其三.也是我個人覺得今年最靠北的一件事只要蔡皇有任何舉動台股都會莫名的反應要說我自己腦補可能也是吧520演說由黑翻紅 隔天噴一個200多點台股的基期多高我想大家都知道只是真的有沒有這個基本面支撐我想大家也都知道可是她就是要嘎你 因為你空=對蔡政府的反對所以這次國慶10/10號的演說勞工問題 司法改革 轉型正義 兩岸問題等等議題我猜也是說的中規中矩媒體褒貶不一 然後26表示震怒 要斷絕對台灣 巴拉巴拉有的沒的然後禮拜二又莫名給你漲百點最大的證據大概就是台積電在10/07當天融資大增了近千張說真的啦 哪個散戶 這個時間會用融資買這麼多台積電都是一些比較聰明的 知道禮拜二會做行情給蔡姐姐要做行情一定會拉台積電-----------------------------------------------------再說結論十月天不論是國際面還是台灣本身都有足夠的利基往上走我知道做空的人很多很多 不然外資的未平倉另外一邊是誰所以我想送一首詩給空軍們「莫聽穿林打葉聲，何妨吟嘯且徐行。竹杖芒鞋輕勝馬，誰怕！一蓑煙雨任平生。料峭春風吹酒醒，微冷，山頭斜照卻相迎。回首向來蕭瑟處，。」---蘇軾《定風波》4. 進退場機制：(停損價位/出場條件/長期投資)從英國脫歐以來台股跌破季線只有1次跌破月線只有少少幾次 然後三到五天又站回去可以說 每次都跌破重要關卡 幾乎都是買點也就是板上神人每次嚷嚷著的 拉回就是買點我到現在也相信這回事了停損應該要抓在半年線8788 (台灣五十等大盤連動商品)當然操作期貨的話不太可能幾百點就斷頭了拉回月線(9174)就要減碼準備跌破時加碼--,71,1,1,
4897,2016/10/11,wickwolf,[],https://www.ptt.cc/bbs/Stock/M.1476165604.A.77C.html,Stock,台指期 自營商  投信 外資台指選 自營商  投信     0 外資----------------------------------------------------------------------------   萬綠叢中一點紅，跌深方知紅茶濃，九四鍋頂一掀開，空軍燙嘴燒喉嚨。--,423,65,0,
4992,2016/10/14,NoStra,[標的] 大盤 (空),https://www.ptt.cc/bbs/Stock/M.1476417568.A.257.html,Stock,1. 標的： 大盤指數2. 分類：空3. 分析/正文：   美國升息風險仍然存在，英國脫歐對經濟的影響及英鎊的狂貶   中國泡沫風險劇增，美國大選的不確定性   國際股市接連崩跌，外資期貨轉空，投信自營做空   北韓風險劇增，資金面轉趨保守以及退場   台機電法說會沒有亮點，外資倒貨23304. 進退場機制：(停損價位/出場條件/長期投資)   停損價位: 9400   出場條件: 8500   預計11月以前可以看到 75xx   長期更空--,65,16,-1,
5042,2016/10/16,obov,Re: [標的] AMD,https://www.ptt.cc/bbs/Stock/M.1476574427.A.FB2.html,Stock,"4說沒事就會收到信被問amd口不口以買我都懶得回這邊一次講先講結論接下來關鍵只有zengpu部分我是覺得早就沒差惹老黃品牌有30%基本盤目前老黃腦裡都是AI當然光16nm換卡潮就夠讓他爽惹amd顯卡市佔上升是確定的semi-custom穩賺也是確定的但是amd現在的股價都是zen本夢比惹三年前amd轉虧為盈那時候顯卡市佔跟老黃是4:6遊戲機剛開始噴股價也就四塊而已現在這股價對比amd""目前""的獲力能力已經是偏高惹再來看長期股價如果zen對intel效能達到十年前龍二對c2d的程度那時候amd股價約20考量大盤變化  那到40是有機會der不過到底實際效能差距多少  就沒人知道惹QQ當然目前x86市場跟當年也有些差距輕薄筆電這塊是幾乎不可能動搖intelHEDT則很有機會  因為intel綁內顯  6/8核的又賣太貴短線上來看目前amd空單從底部又上來惹表示財報後如果優於預期嘎空力道會不小不過Q4 guidance應該是看不到zen效果就是惹簡單總結:1.Q4 guidance好的話會嘎空一波2.zen如果猛的話會一路噴  噴葛一兩年3.zen如果比推土機還廢的話股價會跌回$4等zen開賣後有空我再來分析cpu市場八大guy4這樣認同請分享--",120,1,0,
5390,2016/10/27,kao00917,[標的] 2439 美律 (多),https://www.ptt.cc/bbs/Stock/M.1477563593.A.F5F.html,Stock,1. 標的：2439 美律2. 分類：長期看多3. 分析/正文：   基本面，財報等 大看好 目前前景看好   105年第3季綜合損益表，每股盈餘5.01元   比預期的3元還多 前陣子 拉回買進4. 進退場機制：如外資目標價 160 元--,53,2,1,
5466,2016/10/31,aitt,[標的] 大盤,https://www.ptt.cc/bbs/Stock/M.1477848111.A.5C5.html,Stock,1. 標的：大盤2. 分類：多/空/請益/心得:依然看多，注意下波過9500後的軋空3. 分析/正文：台股這段期間始終沒量，但無量卻是不斷改寫新高價，之所以會如此跟外資法人的穩定控盤有關，大致舉個比方好了，飛機在對流層爬升時需要用最大動力，否則飛不起來，但是，到了氣流相對穩定的平流層後，動力不需要太多飛機就能以穩定的狀況往前飛了，目前台股便是類似飛機在平流層的狀況，上方沒什套牢籌碼，散戶參與意願也不強，外資不需要買很多，量也不需要很大，行情就能穩定上去了.近期政策也開始站在多方，準備要檢討稅制，對於準備上攻9500的台股來說會是如虎添翼，再加上外資在期權市場持續偏多，五大，十大與特定倉位也是一面倒偏多，短線壓力在9500雖有心理關卡，但可注意外資是否大幅加重現貨買超強度，一旦回到80億以上的日買超量，則突破後再度觸發下一波軋空的機率就會很大了.4. 進退場機制：(停損價位/出場條件/長期投資)短線進場 隨時(盤中拉回可接)停損9120 出場9500(若9500突破則上移9800)中線     停損9050 出場10500--,69,3,1,
5604,2016/11/4,chengwaye,[標的] 4107 6414,https://www.ptt.cc/bbs/Stock/M.1478223328.A.68B.html,Stock,1. 標的：4107 邦特 6414 樺漢2. 分類：中短線單3. 分析/正文：櫃買殺破5/23起漲確認紅K低點121.94 今日殺到121.344107昨日做出”似”截盡缺口，小弟個人已進單在1236414昨日短暫殺破年線支撐做反彈，今日早盤再測底，小弟個人已進單在420如果櫃買延續反彈氣勢，考慮續放今天文晚發了@@開盤稍忙4. 進退場機制：看盤中市場氣氛走勢決定停損或停利。道瓊反覆測底，破底看情況停損。如果櫃買沒在這持續反彈，也看情況停損。分享文內容不構成對任何證券買賣邀約，也不會對讀者進行任何形式邀約。每篇文章僅為個人投資記錄，引用數據皆為個人研究心得；並非給本文讀者任何投資建議與參考，請勿依據本文作買賣決定！投資有風險，作者不對任何人負責買賣盈虧。不建議任何讀者跟單。--,65,1,1,
6069,2016/11/17,chengwaye,[標的] 2929 淘帝-ky,https://www.ptt.cc/bbs/Stock/M.1479350882.A.3D1.html,Stock,1. 標的：淘帝-ky 29292. 分類：短線單3. 分析/正文：技術面:跌深出量但量不會大到產生不了背離價格剛好到了缺口價五檔:沒看出什麼只猜124有大咖覺得OK感覺有人在那邊低接時間:恰逢波浪理論的時間轉折  (小弟對這個聽聽笑笑參考而已)大盤:雖然外資要升息逃命潮不過有官股在護盤了但因為不是國安基金只看盤整國際個人看法:這支在跌人民幣 這支在跌人民幣 這支在跌人民幣 講三次但是川普上任後可以看出他的言論轉折偏向維穩各方勢力與歐巴馬合作摸希拉蕊頭從以上所述對中國實施逞罰性關稅的可能性個人覺得很低4. 進退場機制：已進場 18張如果大盤尾盤廢得要命，小弟停損看情況。停利則看股價與均線互動狀況。分享文內容不構成對任何證券買賣邀約，也不會對讀者進行任何形式邀約。每篇文章僅為個人投資記錄，引用數據皆為個人研究心得；並非給本文讀者任何投資建議與參考，請勿依據本文作買賣決定！投資有風險，作者不對任何人負責買賣盈虧。不建議任何讀者跟單。--,103,2,1,
6156,2016/11/20,aitt,[標的] 大盤,https://www.ptt.cc/bbs/Stock/M.1479645315.A.876.html,Stock,1. 標的：大盤2. 分類：多/空/請益/心得:多(中段拉回整理，長線仍多，注意急跌後進場點)3. 分析/正文：這幾天的台股偏弱，相信很多人都跟著看空，但我看的是長多底下的中段整理，跌破9050且月線下穿季線代表行情拉回整理時間會拉長沒錯，短線上也可能還有低點，不過整體長線架構仍是走多，因此不建議偏空操作，反倒趁行情再度急跌，可以準備低接搶短佈多進場，行情如再度有效站穩9150以上，則為下一段行情發動的訊號，估本波拉回整理過後有機會再往9500以上邁進.4. 進退場機制：(非長期投資者，必須有停損價)逢急跌至8700-8800一帶進場，停損86009150如站穩可進行加碼動作--,112,14,1,
6226,2016/11/22,citydog,[標的] T50反一,https://www.ptt.cc/bbs/Stock/M.1479829037.A.DA7.html,Stock,"1. 標的：T50反一

2. 分類：多

3. 分析/正文：

台股的不變定律
加權指數只要從萬點大幅拉回
再上去就一定是逃命波
去年到萬點 當時的氣氛就是一個中期的高點
今年製造的是這波高點下殺後的反彈
剛好藉由最近美股大漲來滿足這波逃命的尾端
明年以後就開始由多轉空
2017年全年 絕對不可能觸碰到2015年的高點
要是觸到 我請樓下100位推文吃雞排+珍奶 XD

4. 進退場機制：(非長期投資者，必須有停損機制)

現在起到2017年全年持有 不退場",224,25,1,
6297,2016/11/23,femlro,Re: [標的] T50反一,https://www.ptt.cc/bbs/Stock/M.1479865494.A.35F.html,Stock,就是就算拉回一千點你可能還是賠錢因為你根本沒搞懂T50反一的特性這是一檔只能短線避險的基金而且一檔非常貴的基金不會用期貨降低槓桿可能也不會轉倉然後看壞台股也不放空個股我簡單說吧如果你看壞台股最簡單的做法就是要放空期貨而不是去買T50反因為T50反長期追蹤指數的效果極差所以指數跌下去你可能還是負報酬一堆散戶都超愛放空以為買個T50就很潮我也懶得戰了反正我直接講結論以台指期來說一點200元做多的算法上次3955當作4000好了現在抓9500 - 4000= 5500 X 200作為保證金你等於完全沒有槓桿在操作期貨放空的算法亦同9500放空 直接抓到15000點準備5500 X200的保證金去槓桿做一口就能達到長期放空指數的作用卻不用被收高額的管理費與追蹤效益極佳只是每個月要自己轉倉但長期來說期貨因為除權息的關係還是比較適合作多如果本金沒那麼大那就直接用小台做期貨這效力追蹤指數才高唯獨轉倉要讓10點要不就當基金管理費要不就自己好好抓點位去當月轉倉絕對比T50反一追蹤指數效果好又不用管理費我是覺得元大很厲害拉開發這商品抓住散戶放空ETF的那種心理但偏偏一堆人連ETF的內容是啥都不知道我簡單講現在大盤假設是9000 T50反一價是16嘎你嘎到一萬點價變成 14當他跌回來9000 不會是16，而且差價不只是管理費＋保管費放空照理是很高階的高手才在做的動作而且這盤還是多頭盤整盤不知道在空什麼技術型態都還是多方控盤升息金融會爽翻天電子會哭翻天兩相對照，電子因為還有GG在撐盤大盤會死多慘我看未必吧好歹等重要關卡破吧黑K棒都快被吞噬了你還在放空放空也不能說錯重點是還用錯商品放空你還是先理解一下T50反一到底是怎樣一檔ETF再說吧買這檔的人最爽的人應該是元大好羨慕喔QQ--Every man for himself and God against them all.--拿五十萬出來比賽比一個月就好輸的那一個把五十萬通通吐出來這樣你就知道誰比較會做期權了跟別的高手我是不敢拉跟你應該沒問題既然你這麼會做期權我也沒做過期權就來比我找律師簽合約信託此筆款項由銀行撥款為比賽性質這樣對你很好吧跟一個沒做過期權的人比賽贏定了啊∼你不要跟我說你連五十萬都沒有耶我算錯惹我用5500當作保證金放空實際上是要嘎到15000點才會賠錢XD放空是反向關係重視追蹤指數跟本金大小無關重點是反一追蹤指數的能力期貨會貴是因為他本身的指數要求假設有出更小的指數期貨本金還可以再更小指數如果照正常情況損失掉的因配息而失去的點數當天開盤理論就會填權回來因此實際上彌平的價差，是來自於那邊的點數沒錯所以我才故意選這段期間就是要顯示你用這種工具在填權息期間就會被填權偷吃了這也是除權息期貨的奧妙要他先有一百萬啊五十萬操作五十萬擔保避免烙跑啊XD雙人競賽 讚讚讚期貨零經驗素人(我) 對決 T50反一大師(flyaway0104)噗你這個問題要先問一個問題1.指數從10000跌到9000，請問報酬率與T50反一的報酬率差距在多少？2.花了多久的時間跌了一千點3.我文章沒說買T50反一不會賺錢，我說的是這是一個長期放著追蹤指數不佳的商品算惹愛買就去買XD又不是我的錢我無所謂喔你要操作一個商品你要先理解他推出的目的與使用時機這檔基金最適合的狀況就是避險用賭短期會發生風險事件就會得到合理的報酬但把他當長期用就是選錯了商品你完全誤解我的意思我的意思不是他會不會賺而是買進指數型基金的人本身希望的是有跟指數同步的作用所以我沒有戰0050因為0050的成分就是買進50檔權指股當這五十檔股票的漲幅大於大盤甚至還會比大盤績效好反之亦然因為它擴大的權值股權重但0050反則不是他沒有這樣的效果所以完全不適合放長期就像你短距離要殺人拿一支狙擊槍會馬上被小刀砍死你長距離要殺人卻拿一隻小刀這不是搞笑嗎ＸＤ你要去運動穿西裝要去洽談業務穿短褲球鞋這麼簡單的道理XD應該不會很難懂吧沒錯啊這是反向產品去年萬點最低價在17.64結果現在是9000點照理T50反1的價格應該要比17.64還高因為這是反向產品結果現在的價格竟然是16.26這不就不言可喻了10000點  17.649000點   16.26我沒有要介意啊我只是想比賽賺個五十萬啊結果人就不見了.....我是期貨新手啊XD跟option板那些大師比起來天差地遠怎麼說要比賽人就不見了= =說好的期貨比賽呢沒問題沒問題新手最缺顧問惹賺到五十萬再分你一半真是有趣去年萬點巨崩到8月的行情一堆人都忘記了那樣的行情指數追蹤效果還能是負的放一年多可不是1%喔剛剛上面有寫了去年一萬點的50反價格是17.多現在九千點的50反價格是16.多這樣才1%?股價過了一年多跌掉一千點了不賺反賠就可見長期追蹤之效果反正你就趕快買安心抱著看50反那線圖空頭成那樣買的幾乎都套牢QQ了哇靠你這樣罵到一籃子散戶惹XD依照我散戶觀察家的特性散戶只要一套就放長期.....另外說了這麼一大篇你還是沒搞懂XD他的問題不是會不會賺錢而是追蹤指數的績效與指數實際的報酬率有極大的落差,55,3,0,
6464,2016/11/28,chengwaye,Re: [標的] 2929 淘帝-ky,https://www.ptt.cc/bbs/Stock/M.1480307294.A.B62.html,Stock,除權息日平盤參考價=(除權息前一日收盤價－現金股利)/(1+配股率)          111.8984975=(139.5-5.4456)/(1+0.198)以上的現金股利5.4456及配股率0.198來源於此：1.      計算出的11/24平盤價應當是111.898，我們取整數112，2.      11/23收盤價139.5從以上兩點得知，這次除權息有139.5-112=27.5元就光現在的價格108，加上27.5之後都還有135.5，小弟PO文時大約122~125。私信告訴你這是除權息影響的結果，你還不用私信回，要很嗆的留言到推文去，當然如果你連查證一下怎麼算都不願意，那小弟就只好不顧你的面子，在股板回文討論除權息平盤參考價怎麼計算了。westwet     : GG惹                                              11/25 11:32→ westwet     : 好險我沒錢跟搶                                    11/25 11:32→ chengwaye   : 你有事嗎？ 2929是除權習                           11/26 15:53噓 westwet     : 沒事耶，但為了這個以為其他人都不知道除權習，問人  11/27 02:31→ westwet     : 有事卻又愛顧形象而忍不住選擇私信來強調自己忍不住  11/27 02:32→ westwet     : 笑…看得出你很在意其實沒開心到笑，才搞這種幼稚發  11/27 02:33→ westwet     : 洩裝「我覺得好好笑啊笑死我惹你有事嗎」，別這麼耐  11/27 02:34→ westwet     : 不住性子，還檯面上一套，私底下忍不住又另一套科科  11/27 02:34→ westwet     : 要不是你站內信來補一堆嘴皮，我還真沒想過要再來看  11/27 02:35→ westwet     : 一下這篇的進度咧~加油，不要再私下嘴皮兼自介惹     11/27 02:37→ westwet     : 抄底又看短當然在除權習前要跑不然就別太晚跟沒賺頭  11/27 02:39→ westwet     : 除非要放更長等填權息再上攻…抄底王應該不用我J4    11/27 02:40→ westwet     : 認真回有事的站內嘴皮惹，我習慣誠懇回應不用裝模作  11/27 02:43→ westwet     : 樣的嘴皮回嘴皮，啊若你要被點中腦羞乾脆再裝個「    11/27 02:45→ westwet     : 哈哈崩潰惹真有事」來嘴，我也是只能無奈；若否，那  11/27 02:46→ westwet     : 很好，抄底王又會抄會賺又有格調、沒事，優質，讚！  11/27 02:47→ chengwaye   : 你很可憐 加上除息都還是賺的 懂？ 我都出了也能酸   11/28 08:44→ chengwaye   : 我是怕在這糾正你 太傷人才私信..                   11/28 08:47--,70,5,0,
6607,2016/12/2,javaBOY,[標的] 【微星 2377】多,https://www.ptt.cc/bbs/Stock/M.1480674712.A.F4F.html,Stock,1. 標的：【微星 2377】2. 分類：多------------------------------------------------3. 分析/正文：(1) 今日大跌-5.23%(2) 目前世界第一大電競品牌(3) 台灣50的候補名單(4) 今年累計每股盈餘(EPS) 4.38 元------------------------------------------------4. 進退場機制：(非長期投資者，必須有停損機制)79元今日進場3張，看好微星的發展，放2~3個月，85元退場。--------------------------------------------------,57,8,1,
6736,2016/12/7,ninaplay,Re: [標的] 3455 由田,https://www.ptt.cc/bbs/Stock/M.1481095666.A.90E.html,Stock,分析/正文：分類：出場籌碼面:目前籌碼去觀察已經很難，推測散戶開始進場，但ㄧ檔好股就是要散戶也開始進場先給湯喝再開始倒貨，不排除之後再買回。技術面：短線遇獲利了結賣壓。消息面：１１月營收大增，目前已經賺超過去年整年營收。基本上今天會賣來自於直覺，我個人是還蠻相信股感這種東西。從開盤開始分批賣到46.3元，不排除買回。ＡＯＩ檢測我認為中國ˋ台灣電子產業需求還是不少，有跟到單的版友們恭喜啦∼超過４６元了，發１００個雞排，請【首篇】有推文的１５０位板友們，請於12.09~12.1８至 【景美】 聖保羅香雞排領取(記得報上帳號)地址:台北市 文山區 羅斯福路6段 403號 (好樂迪KTV旁)（實在很怕沒人來領雞排阿)...【聖保羅香雞排下星期一(12.12)休假】請各位板友們注意--,54,0,0,
6804,2016/12/9,aitt,[標的] 大盤,https://www.ptt.cc/bbs/Stock/M.1481214403.A.B08.html,Stock,1. 標的：大盤02. 分類：多/空/請益/心得:多 注意軋空3. 分析/正文：大盤今日出現跳空長紅，且明顯量出，加上國際盤都大漲走多，以及政策有意檢討股利稅制，個人認為行情即將再度發動一段，重點是這次發動恐怕是一去不回，而非反覆震盪.9500表面上是短線的壓力，但是就算有壓也不會壓抑太久，明年初將會再度挑戰萬點，這次再來挑戰我敢說很多人又會在那看空，只是以明年的景氣面，基本面看佳，乃至本益比再度下降，萬點不只會過，而且過萬點後的軋空漲勢會是現在的2倍以上，因為量會出來，萬點的天花板一過，屆時的衝力增強，台股就不會是再漲個八百一千點即會停了，總之，大家要習慣9500以下，甚至是萬點以下皆買點.4. 進退場機制：(非長期投資者，必須有停損機制)拉回隨時進場，波段停損設9050，目標區10500以上--,113,10,1,
6897,2016/12/12,chengwaye,[標的] 神盾6462,https://www.ptt.cc/bbs/Stock/M.1481505950.A.567.html,Stock,1. 標的：神盾 64622. 分類：短線單3. 分析/正文：技術面:跌深的價格到了上升季線依照一些人的均線理論  這檔還在多頭而且現在這邊剛好是起漲紅K低點依據坊間一些怪力亂彈的技術分析很適合加碼  (小弟則是個人進場)五檔:禮拜五就有先小進3張開盤看到有人故意往下戳 在245.5掛50幾張賣單然後那些賣單沿路往下掛  殺到238.5的時候開始有人在補看似”散”多單假裝散戶吃貨 (當然掛單的也包含小弟)4. 進退場機制：個人已進場因為個人操作是禮拜一進的，個人操作就今天進場為主，如果進場部位禮拜三之後還意外的呈現虧損，不如預期再停損，均線主要看5 10 20，停利則看股價與均線互動甚至是盤中五檔狀況，以上有可能當天也有可能數天，不喜勿看分享文內容不構成對任何證券買賣邀約，也不會對讀者進行任何形式邀約。每篇文章僅為個人投資記錄，引用數據皆為個人研究心得；並非給本文讀者任何投資建議與參考，請勿依據本文作買賣決定！投資有風險，作者不對任何人負責買賣盈虧。不建議任何讀者跟單。--,138,0,1,
6941,2016/12/13,qaz1219,[標的] 1216 統一,https://www.ptt.cc/bbs/Stock/M.1481607845.A.96A.html,Stock,1. 標的：1216 統一2. 分類：多3. 分析/正文：又到了一年一度的統一週年慶的季節啦，年底12月到隔年1月都是購入季，到了隔年中7月8月的時候就可以準備收割囉。一年一度敬請把握!!4. 進退場機制：進場:12月∼1月停利:隔年7月∼8月請長期服用--,54,1,1,
7004,2016/12/15,hbw71611,[標的] 3406玉晶光,https://www.ptt.cc/bbs/Stock/M.1481813826.A.921.html,Stock,1. 標的：3406玉晶光2. 分類：多/請益/心得3. 分析/正文：【時報-台北電】玉晶光 (3406) 列入警示股，10月營收7億3150萬元，稅前純益1億1439萬元，稅後純益9544萬元，每股盈餘0.96元。Q3營收21億1300萬元，稅前純益1億4436萬元，稅後純益1億4499萬元，每股盈餘1.15元。(今天晚間又被列為警示股了上次被證交所列為警示股為11月22日之後就從74.8漲到117.511月份還未結算與公布良率提升後資料看來11月份esp與Q4營收應該也會不錯加上這幾天觀察下來主力真的很猛4. 進退場機制：(非長期投資者，必須有停損機制)小弟111進場月底可能會跑到200100停損--,51,8,1,
7171,2016/12/21,gauss5566,[標的] 5201 空,https://www.ptt.cc/bbs/Stock/M.1482331131.A.6BF.html,Stock,"1. 標的：5201

2. 分類：空

3. 分析/正文：

這隻主力股大家都十分的熟悉 首先在最近十天開盤扣掉中間一天紅Ｋ之外

有九天是收在綠Ｋ 而且目前連五黑 連二長黑

這隻是由幾個主力加上一堆跟隨者操作起來的

連續黑Ｋ已經對各個散戶心理造成嚴重的影響

雖然嘴巴說一張不賣 不過看到這兩根大綠Ｋ就可以知道是多殺多了

接下來就會再一波大恐慌

個人今天空了32張空單 明天開盤如果有券就是繼續空

估計散戶大逃殺還有得殺 大家等著吃肉就好




4. 進退場機制：(非長期投資者，必須有停損機制)

進場點：28以上都是進場點

停損點：35 不過幾乎沒可能",109,16,-1,
7443,2016/12/31,test520,[心得] test520 2016 年報,https://www.ptt.cc/bbs/Stock/M.1483192438.A.30F.html,Stock,"不說廢話，直接講重點2016年的投資成果如下上半年獲利                1348萬     (可參閱7/17發表的半年報)下半年：期權獲利             0萬     (沒有任何操作)        股票獲利           668萬閒置資金利息收入            22萬全年總獲利                2038萬2016年初資金6273萬，整年獲利2038萬，年末資金上升到8311萬今年整體報酬率約32.5%(因為持有一輛汽車資產，我決定年度提列100萬折舊，所以2017年起始資金為8211萬)對帳單放在下面請點選 ""2016下半年股票"" 那本相簿，總共6頁     (獲利612萬)(我在股市長年征戰，下半年有一大段時間強制自己休息，所以獲利明顯比上半年減少)""橘框""標示的64x9是參加競價拍賣標到的，網頁不懂怎麼算成本所以需自行設定""新投資成本""那欄，我標到的成本如下圖所示另外，隨意挑幾檔股票簡易說明一下1.49x2  這支當時業績不錯，不過漲到壓力區後不想再等，就順手出掉了2.35x2  這支有餐飲題材，令人聯想到王品瓦城，就進場炒炒短線  沒想到主力很猛拉到60，我早早就下車賣到爛價...殘念3.45x9  這支基本上就是妖股的形狀，玩這檔什麼分析通通免了  單純在比誰的賭技比較高深而已...科科4.47x4  這支有OLED題材，而且股價又很低，量能遽增人氣匯集  就一樣進場炒炒短線，反正有賺就跑啦...BJ4下半年我有另開一個股票帳戶，原意是幫朋友做業績可惜這個分點到10月底就被合併掉了所以只使用沒多久，損益如下圖     (獲利56萬)""橘框""標示的84x3也是參加競價拍賣標到的，標到的成本如下未來除非有融券的需要，不然這個帳戶應該就是停止使用了(我一直都習慣用單一帳戶操作，那種把賠錢股票匯撥到別的帳戶處理掉，只留 賺錢股票在公開帳戶展示出來，這種事我是不會去做的，請放心)年報打完了最後想說的是，其實我也高齡37歲了現在的希望就是，在我的年齡還在3開頭的時候資金能達到1億，也就是拿到參加慈善撲克王大賽的門票大概還有2年多的時間可以努力，加油吧......--",512,4,0,
